City_ID,City,Country,Date,Lat,Lng,Max Temp,Humidity,Cloudiness,Wind Speed
0,Svetlogorsk,BY,2022-09-20 16:01:55,52.6333,29.7333,50.41,77,83,4.41
1,Rikitea,PF,2022-09-20 16:01:55,-23.1203,-134.9692,72.82,73,0,14.41
2,Butaritari,KI,2022-09-20 16:01:55,3.0707,172.7902,80.64,74,100,7.72
3,Barrow,US,2022-09-20 16:01:56,71.2906,-156.7887,30.22,93,40,6.91
4,Punta Arenas,CL,2022-09-20 16:01:56,-53.15,-70.9167,44.11,65,100,11.61
5,Hilo,US,2022-09-20 15:58:04,19.7297,-155.09,72.28,83,20,8.05
6,Ushuaia,AR,2022-09-20 16:01:56,-54.8,-68.3,43.65,56,100,8.1
7,Kaitangata,NZ,2022-09-20 16:01:57,-46.2817,169.8464,47.93,97,100,3.22
8,Peniche,PT,2022-09-20 16:01:57,39.3558,-9.3811,84.07,77,2,6.96
9,Busselton,AU,2022-09-20 16:01:57,-33.65,115.3333,57.15,75,3,14.34
10,San Quintin,MX,2022-09-20 16:01:58,30.4833,-115.95,70.7,76,8,11.27
11,Vostok,RU,2022-09-20 16:01:58,46.4856,135.8833,29.97,73,0,6.02
12,Vaini,TO,2022-09-20 16:01:58,-21.2,-175.2,74.64,79,46,21.39
13,Nikolskoye,RU,2022-09-20 16:01:59,59.7035,30.7861,53.49,91,100,3.15
14,Thompson,CA,2022-09-20 16:01:59,55.7435,-97.8558,44.76,100,100,10.36
15,Kapaa,US,2022-09-20 16:01:59,22.0752,-159.319,76.1,79,100,3.0
16,Samarai,PG,2022-09-20 16:02:00,-10.6167,150.6667,80.04,85,100,11.74
17,Airai,TL,2022-09-20 16:02:00,-8.9266,125.4092,59.68,92,67,2.95
18,Puerto Ayora,EC,2022-09-20 16:02:00,-0.7393,-90.3518,68.56,93,100,10.0
19,Namwala,ZM,2022-09-20 16:02:01,-15.7504,26.4384,85.24,36,89,9.1
20,Henties Bay,NA,2022-09-20 16:02:01,-22.116,14.2845,62.28,54,0,13.44
21,Port-Gentil,GA,2022-09-20 16:02:02,-0.7193,8.7815,82.36,69,40,13.8
22,Ribeira Grande,PT,2022-09-20 16:02:02,38.5167,-28.7,79.2,78,20,10.36
23,Port Hardy,CA,2022-09-20 16:02:02,50.6996,-127.4199,53.67,72,4,3.98
24,Kashi,CN,2022-09-20 16:02:03,39.4547,75.9797,72.64,36,83,4.65
25,Culebra,PR,2022-09-20 16:02:04,18.303,-65.301,86.04,78,100,15.35
26,Qui Nhon,VN,2022-09-20 16:02:04,13.7667,109.2333,77.36,91,100,7.07
27,Atuona,PF,2022-09-20 16:02:05,-9.8,-139.0333,76.73,77,32,22.84
28,Cap Malheureux,MU,2022-09-20 16:02:05,-19.9842,57.6142,71.47,76,8,10.0
29,New Norfolk,AU,2022-09-20 16:02:05,-42.7826,147.0587,53.71,69,100,1.99
30,Pitimbu,BR,2022-09-20 16:02:06,-7.4706,-34.8086,80.47,62,22,13.4
31,Dingle,PH,2022-09-20 16:02:06,10.9995,122.6711,76.68,88,100,2.51
32,Saint-Philippe,RE,2022-09-20 16:02:07,-21.3585,55.7679,71.19,84,40,13.73
33,Baghmara,IN,2022-09-20 16:02:07,23.795,86.2085,77.7,94,83,7.92
34,La Ronge,CA,2022-09-20 16:02:07,55.1001,-105.2842,50.31,91,100,10.11
35,Tuatapere,NZ,2022-09-20 16:02:08,-46.1333,167.6833,48.29,92,100,1.57
36,Jorpeland,NO,2022-09-20 16:02:08,59.0225,6.0408,59.04,62,77,4.34
37,Acajutla,SV,2022-09-20 16:02:09,13.5928,-89.8275,82.81,72,83,10.25
38,Pangyan,PH,2022-09-20 16:02:09,5.7008,125.2811,80.33,77,80,2.08
39,Minsk,BY,2022-09-20 16:01:15,53.9,27.5667,51.55,80,100,3.47
40,Tasiilaq,GL,2022-09-20 16:02:10,65.6145,-37.6368,41.16,98,100,11.05
41,Traverse City,US,2022-09-20 15:59:20,44.7631,-85.6206,71.83,80,100,10.31
42,Victoria,HK,2022-09-20 15:58:09,22.2855,114.1577,85.32,82,69,8.01
43,Bluff,NZ,2022-09-20 16:02:12,-46.6,168.3333,46.8,85,84,4.41
44,Mana,GF,2022-09-20 16:02:13,5.6592,-53.7767,84.63,71,70,9.4
45,Altamira,BR,2022-09-20 16:02:13,-3.2033,-52.2064,101.43,23,6,5.77
46,East London,ZA,2022-09-20 16:02:13,-33.0153,27.9116,61.21,68,90,8.03
47,Vila,PT,2022-09-20 16:03:14,42.0304,-8.1588,78.69,42,29,6.15
48,Yellowknife,CA,2022-09-20 16:02:06,62.456,-114.3525,42.57,100,6,2.71
49,Clyde River,CA,2022-09-20 16:03:14,70.4692,-68.5914,32.61,73,87,10.58
50,Albany,US,2022-09-20 16:00:12,42.6001,-73.9662,69.03,84,98,1.01
51,Mataura,NZ,2022-09-20 16:03:15,-46.1927,168.8643,46.47,100,100,1.21
52,Isiolo,KE,2022-09-20 16:03:15,0.3546,37.5822,79.72,39,45,17.25
53,Torbay,CA,2022-09-20 16:03:16,47.6666,-52.7314,56.28,72,73,8.01
54,Carnarvon,AU,2022-09-20 16:03:16,-24.8667,113.6333,65.34,75,31,20.36
55,Avarua,CK,2022-09-20 16:03:16,-21.2078,-159.775,71.65,88,100,9.22
56,Millau,FR,2022-09-20 16:03:17,44.0833,2.9167,75.33,24,0,6.87
57,Khatanga,RU,2022-09-20 16:03:17,71.9667,102.5,23.49,90,96,7.2
58,Tiksi,RU,2022-09-20 16:03:17,71.6872,128.8694,34.23,85,100,12.3
59,Lanzhou,CN,2022-09-20 16:00:26,36.0564,103.7922,63.39,49,9,1.01
60,Port-Cartier,CA,2022-09-20 16:03:20,50.0334,-66.8654,53.74,66,11,11.27
61,Saldanha,ZA,2022-09-20 16:03:20,-33.0117,17.9442,59.23,78,0,12.53
62,Vardo,NO,2022-09-20 16:03:21,70.3705,31.1107,42.78,75,40,19.57
63,Taree,AU,2022-09-20 16:03:21,-31.9,152.4667,54.1,92,100,4.23
64,Lebu,CL,2022-09-20 16:03:21,-37.6167,-73.65,49.71,66,47,6.33
65,Manakara,MG,2022-09-20 16:03:22,-22.1333,48.0167,69.69,82,4,7.81
66,Aguilas,ES,2022-09-20 16:03:22,37.4063,-1.5829,78.85,60,69,7.14
67,Hobart,AU,2022-09-20 16:00:31,-42.8794,147.3294,54.05,73,40,8.05
68,Camana,PE,2022-09-20 16:03:23,-16.6228,-72.7111,63.97,75,65,13.6
69,Cape Town,ZA,2022-09-20 15:59:07,-33.9258,18.4232,65.08,55,0,13.8
70,Manono,CD,2022-09-20 16:03:24,-7.3,27.4167,86.43,40,100,2.21
71,Bengkulu,ID,2022-09-20 16:03:25,-3.8004,102.2655,75.31,93,100,4.88
72,Port Elizabeth,ZA,2022-09-20 15:58:38,-33.918,25.5701,62.89,73,20,5.75
73,Aden,YE,2022-09-20 16:00:25,12.7794,45.0367,88.48,70,47,3.51
74,Adra,ES,2022-09-20 16:03:25,36.7496,-3.0206,84.38,71,99,2.73
75,Hermanus,ZA,2022-09-20 15:59:17,-34.4187,19.2345,65.8,71,0,9.28
76,Celestun,MX,2022-09-20 16:03:26,20.8667,-90.4,85.08,63,2,3.4
77,Luna,PH,2022-09-20 16:03:26,10.9667,123.2333,80.67,82,100,10.25
78,Bambanglipuro,ID,2022-09-20 16:03:26,-7.95,110.2833,76.55,83,69,7.43
79,Isangel,VU,2022-09-20 16:03:27,-19.55,169.2667,74.21,88,5,7.16
80,Bathsheba,BB,2022-09-20 16:03:27,13.2167,-59.5167,85.03,74,100,19.13
81,Castro,BR,2022-09-20 16:00:16,-24.7911,-50.0119,70.47,65,87,2.42
82,Bella Vista,US,2022-09-20 16:03:27,36.4295,-94.2316,90.05,59,0,10.36
83,Jamestown,US,2022-09-20 15:59:57,42.097,-79.2353,71.02,59,75,11.5
84,Kununurra,AU,2022-09-20 16:01:25,-15.7667,128.7333,76.98,61,7,0.0
85,Tara,RU,2022-09-20 16:03:28,56.8944,74.371,59.77,92,39,6.24
86,Badami,IN,2022-09-20 16:03:28,15.915,75.6768,74.55,76,100,13.4
87,Klaksvik,FO,2022-09-20 16:03:29,62.2266,-6.589,52.72,98,100,12.33
88,Avera,US,2022-09-20 16:03:29,33.194,-82.5271,85.55,44,0,4.07
89,Ixtapa,MX,2022-09-20 16:03:29,20.7,-105.2,85.23,83,75,1.01
90,Gariaband,IN,2022-09-20 16:03:30,20.635,82.0614,74.71,95,100,7.29
91,Pokhara,NP,2022-09-20 16:03:30,28.2333,83.9833,73.31,87,52,2.42
92,Norman Wells,CA,2022-09-20 16:03:30,65.282,-126.8329,47.52,61,100,7.45
93,Kamachumu,TZ,2022-09-20 16:03:31,-1.6186,31.62,70.52,58,9,4.68
94,Kargasok,RU,2022-09-20 16:03:31,59.0556,80.8572,43.97,90,90,7.72
95,Mahebourg,MU,2022-09-20 16:04:31,-20.4081,57.7,71.26,88,75,12.66
96,Port Lincoln,AU,2022-09-20 16:04:32,-34.7333,135.8667,56.82,94,62,18.37
97,Hithadhoo,MV,2022-09-20 16:04:32,-0.6,73.0833,82.24,69,34,3.96
98,Kolokani,ML,2022-09-20 16:04:32,13.5728,-8.0339,83.95,60,100,5.57
99,Quzhou,CN,2022-09-20 16:04:33,28.9594,118.8686,67.03,71,67,5.95
100,Hasaki,JP,2022-09-20 16:04:33,35.7333,140.8333,63.0,87,100,25.55
101,Chipping Sodbury,GB,2022-09-20 16:04:33,51.5381,-2.3938,67.35,63,37,4.12
102,Aklavik,CA,2022-09-20 16:04:34,68.2191,-135.0107,44.6,76,100,6.91
103,Arraial Do Cabo,BR,2022-09-20 16:04:34,-22.9661,-42.0278,76.86,65,0,10.36
104,Zheleznodorozhnyy,RU,2022-09-20 16:04:34,55.7503,38.0042,54.12,70,18,5.91
105,Port Alfred,ZA,2022-09-20 16:04:35,-33.5906,26.891,62.19,79,73,9.89
106,Inta,RU,2022-09-20 16:04:35,66.0317,60.1659,51.76,83,57,14.18
107,Qaanaaq,GL,2022-09-20 16:04:35,77.484,-69.3632,22.32,60,100,7.83
108,Kavos,GR,2022-09-20 16:04:36,38.8268,22.8322,76.96,56,12,8.59
109,Tessalit,ML,2022-09-20 16:04:36,20.1986,1.0114,102.47,17,52,16.89
110,Eyl,SO,2022-09-20 16:06:53,7.9803,49.8164,79.12,80,61,21.54
111,Makakilo City,US,2022-09-20 16:06:54,21.3469,-158.0858,77.32,69,20,9.22
112,Esperance,AU,2022-09-20 16:06:54,-33.8667,121.9,56.82,76,52,12.93
113,Cabo San Lucas,MX,2022-09-20 16:06:54,22.8909,-109.9124,84.06,86,100,17.27
114,Healdsburg,US,2022-09-20 16:06:55,38.6105,-122.8692,63.9,78,40,3.44
115,Kruisfontein,ZA,2022-09-20 16:06:55,-34.0033,24.7314,56.59,69,0,7.92
116,Deputatskiy,RU,2022-09-20 16:06:55,69.3,139.9,25.09,97,100,4.29
117,Fortuna,US,2022-09-20 16:06:56,40.5982,-124.1573,57.92,92,100,1.01
118,Chimoio,MZ,2022-09-20 16:06:56,-19.1164,33.4833,83.8,25,0,9.89
119,Kwinana,AU,2022-09-20 16:06:57,-32.25,115.7667,56.17,73,2,11.81
120,Oksfjord,NO,2022-09-20 16:06:57,70.2396,22.3479,42.98,77,95,6.11
121,Brae,GB,2022-09-20 16:06:57,60.3964,-1.353,55.29,89,100,14.52
122,Dikson,RU,2022-09-20 16:06:58,73.5069,80.5464,30.88,76,100,15.61
123,Longyearbyen,SJ,2022-09-20 16:06:58,78.2186,15.6401,37.24,65,40,21.85
124,Sayyan,YE,2022-09-20 16:06:58,15.1718,44.3244,69.73,33,86,5.68
125,Tuktoyaktuk,CA,2022-09-20 16:06:59,69.4541,-133.0374,42.26,73,100,8.99
126,Leninsk,RU,2022-09-20 16:06:59,48.7119,45.1994,66.27,58,24,10.13
127,Lagoa,PT,2022-09-20 16:06:59,39.05,-27.9833,73.69,80,85,2.77
128,Cidreira,BR,2022-09-20 16:07:00,-30.1811,-50.2056,67.32,72,53,11.3
129,Hambantota,LK,2022-09-20 16:07:00,6.1241,81.1185,82.74,83,20,10.36
130,Mar Del Plata,AR,2022-09-20 16:07:00,-38.0023,-57.5575,58.08,64,0,10.0
131,Susaki,JP,2022-09-20 16:07:01,33.3667,133.2833,63.64,76,86,6.17
132,Ponta Do Sol,PT,2022-09-20 16:07:01,32.6667,-17.1,79.0,78,58,5.41
133,Cedar City,US,2022-09-20 16:04:51,37.6775,-113.0619,71.4,37,0,12.66
134,Pangkalanbuun,ID,2022-09-20 16:07:01,-2.6833,111.6167,73.31,96,100,2.35
135,College,US,2022-09-20 16:08:02,64.8569,-147.8028,44.55,92,75,9.22
136,Paramonga,PE,2022-09-20 16:08:02,-10.6667,-77.8333,64.33,75,83,12.26
137,Cherskiy,RU,2022-09-20 16:08:03,68.75,161.3,38.37,43,100,10.56
138,Alta Floresta,BR,2022-09-20 16:08:03,-9.8756,-56.0861,98.74,30,36,3.29
139,Ewa Beach,US,2022-09-20 16:08:03,21.3156,-158.0072,78.75,68,20,9.22
140,Yumen,CN,2022-09-20 16:08:04,40.2833,97.2,65.98,29,0,6.46
141,Leningradskiy,RU,2022-09-20 16:08:04,69.3833,178.4167,29.68,85,8,8.46
142,Hay River,CA,2022-09-20 16:05:40,60.8156,-115.7999,48.45,57,10,5.68
143,Tambacounda,SN,2022-09-20 16:08:05,13.7539,-13.7586,87.69,63,100,3.8
144,Provideniya,RU,2022-09-20 16:08:05,64.3833,-173.3,37.38,78,31,0.92
145,Shushenskoye,RU,2022-09-20 16:08:05,53.325,91.9356,48.6,81,70,3.56
146,Itarema,BR,2022-09-20 16:05:20,-2.9248,-39.9167,88.61,51,81,19.84
147,Porto Novo,BJ,2022-09-20 16:08:06,6.4965,2.6036,80.76,72,53,9.86
148,Hirara,JP,2022-09-20 16:08:06,24.8,125.2833,80.15,81,80,17.92
149,Boende,CD,2022-09-20 16:08:06,-0.2167,20.8667,81.37,72,95,2.71
150,Erenhot,CN,2022-09-20 16:08:07,43.6475,111.9767,57.07,35,0,9.17
151,Tadine,NC,2022-09-20 16:08:07,-21.55,167.8833,72.61,85,0,8.75
152,Khasan,RU,2022-09-20 16:08:08,42.4308,130.6434,49.57,57,12,7.09
153,Olga,RU,2022-09-20 16:08:08,43.7444,135.2892,39.04,59,0,5.1
154,Gewane,ET,2022-09-20 16:08:08,10.1664,40.6453,86.41,40,98,13.13
155,Bayan,CN,2022-09-20 16:08:09,46.0833,127.4,42.04,58,28,8.57
156,Maine-Soroa,NE,2022-09-20 16:08:09,13.2114,12.0241,92.66,39,76,2.15
157,Medina,SA,2022-09-20 16:08:09,24.4686,39.6142,99.03,8,0,16.11
158,Thinadhoo,MV,2022-09-20 16:08:10,0.5333,72.9333,82.24,71,76,4.59
159,Nome,US,2022-09-20 16:08:10,64.5011,-165.4064,35.67,100,75,4.61
160,La Romana,DO,2022-09-20 16:08:11,18.4273,-68.9728,81.99,84,99,17.56
161,Urumqi,CN,2022-09-20 16:08:02,43.801,87.6005,63.55,30,0,6.71
162,Tazovskiy,RU,2022-09-20 16:08:11,67.4667,78.7,35.22,63,100,16.82
163,Rameswaram,IN,2022-09-20 16:08:11,9.2833,79.3,81.37,83,87,24.05
164,Mackenzie,CA,2022-09-20 16:08:12,55.2999,-123.1698,44.38,63,10,3.67
165,Moron,AR,2022-09-20 16:05:13,-34.6534,-58.6198,62.02,55,98,5.19
166,Odweyne,SO,2022-09-20 16:08:12,9.4092,45.064,83.16,40,53,16.28
167,Sitka,US,2022-09-20 16:08:13,57.0531,-135.33,53.49,82,75,4.61
168,Laela,TZ,2022-09-20 16:08:13,-8.5667,32.05,77.95,25,3,4.59
169,Okakarara,NA,2022-09-20 16:08:13,-20.5833,17.4333,76.19,10,0,5.61
170,Bethel,US,2022-09-20 16:08:14,41.3712,-73.414,75.63,66,40,4.0
171,Beringovskiy,RU,2022-09-20 16:08:14,63.05,179.3167,38.48,78,3,11.01
172,Valparaiso,CL,2022-09-20 16:08:14,-33.0393,-71.6273,59.23,84,40,5.75
173,Havre-Saint-Pierre,CA,2022-09-20 16:08:15,50.2334,-63.5986,52.88,60,2,8.23
174,Mtimbira,TZ,2022-09-20 16:08:15,-8.7833,36.35,81.01,47,0,6.4
175,Popondetta,PG,2022-09-20 16:08:15,-8.7537,148.2534,73.09,86,81,2.75
176,Taltal,CL,2022-09-20 16:08:16,-25.4,-70.4833,60.44,61,0,10.11
177,Mount Gambier,AU,2022-09-20 16:08:16,-37.8333,140.7667,53.51,94,100,4.61
178,Bredasdorp,ZA,2022-09-20 16:08:17,-34.5322,20.0403,60.03,65,1,10.94
179,Poum,NC,2022-09-20 16:08:17,-20.2333,164.0167,74.88,78,2,7.56
180,Rongcheng,CN,2022-09-20 16:08:17,30.634,117.8517,65.46,72,99,4.38
181,Ilulissat,GL,2022-09-20 16:09:18,69.2167,-51.1,39.22,87,75,10.36
182,Bangassou,CF,2022-09-20 16:07:10,4.7413,22.8184,71.83,97,78,6.62
183,Buluang,PH,2022-09-20 16:09:18,13.3068,123.3425,76.66,94,100,0.16
184,Nyuksenitsa,RU,2022-09-20 16:09:18,60.4128,44.2397,48.81,92,100,15.1
185,Souillac,MU,2022-09-20 16:09:19,-20.5167,57.5167,70.18,88,75,12.66
186,Zyryanka,RU,2022-09-20 16:09:19,65.75,150.85,36.21,98,100,11.5
187,Mount Isa,AU,2022-09-20 16:09:20,-20.7333,139.5,71.37,88,75,12.66
188,Caravelas,BR,2022-09-20 16:09:20,-17.7125,-39.2481,78.73,60,94,8.7
189,Yeppoon,AU,2022-09-20 16:09:20,-23.1333,150.7333,69.58,94,17,10.2
190,Challapata,BO,2022-09-20 16:09:21,-18.9,-66.7667,57.27,16,0,15.1
191,Yeniseysk,RU,2022-09-20 16:09:21,58.4497,92.1703,42.15,86,72,9.55
192,Kochki,RU,2022-09-20 16:09:22,54.3358,80.4806,54.61,77,56,5.66
193,Pevek,RU,2022-09-20 16:09:22,69.7008,170.3133,33.21,70,2,11.01
194,Luderitz,NA,2022-09-20 16:09:22,-26.6481,15.1594,66.34,45,0,12.95
195,Grinnell,US,2022-09-20 16:09:23,41.743,-92.7224,87.78,55,0,12.66
196,Kerema,PG,2022-09-20 16:09:23,-7.9631,145.7785,77.65,88,91,7.11
197,Nantucket,US,2022-09-20 16:05:16,41.2835,-70.0995,69.94,64,100,11.5
198,Zalantun,CN,2022-09-20 16:09:23,48.0,122.7167,48.31,39,84,4.47
199,Chara,RU,2022-09-20 16:09:24,56.9064,118.2631,35.58,82,50,4.03
200,Waw,SS,2022-09-20 16:09:24,7.7029,27.9953,79.86,75,70,3.13
201,Nouadhibou,MR,2022-09-20 16:09:24,20.931,-17.0347,74.73,79,14,24.14
202,Sorrento,IT,2022-09-20 16:09:25,40.626,14.3744,79.11,78,56,5.88
203,Zemio,CF,2022-09-20 16:09:25,5.0314,25.1361,74.95,88,29,2.84
204,Port Hedland,AU,2022-09-20 16:09:26,-20.3167,118.5667,62.65,82,1,5.75
205,Kahului,US,2022-09-20 16:07:53,20.8947,-156.47,78.84,71,20,12.66
206,Quatre Cocos,MU,2022-09-20 16:09:26,-20.2078,57.7625,71.1,83,54,18.25
207,Vestmannaeyjar,IS,2022-09-20 16:09:26,63.4427,-20.2734,54.59,94,100,20.71
208,Coahuayana,MX,2022-09-20 16:09:27,18.7333,-103.6833,79.9,83,99,1.16
209,Ko Samui,TH,2022-09-20 16:09:27,9.5357,99.9357,82.89,72,100,13.71
210,Maniitsoq,GL,2022-09-20 16:09:27,65.4167,-52.9,39.02,85,100,6.26
211,Kavieng,PG,2022-09-20 16:09:28,-2.5744,150.7967,80.82,80,99,10.47
212,Ajdabiya,LY,2022-09-20 16:09:28,30.7554,20.2263,92.75,23,1,4.99
213,Zhanaozen,KZ,2022-09-20 16:09:28,43.3,52.8,77.43,15,0,10.27
214,Faanui,PF,2022-09-20 16:09:29,-16.4833,-151.75,77.72,74,8,14.67
215,Nakhon Thai,TH,2022-09-20 16:09:29,17.1006,100.8374,75.0,96,100,1.07
216,Korla,CN,2022-09-20 16:09:29,41.7597,86.1469,74.79,25,1,4.21
217,Cabedelo,BR,2022-09-20 16:09:30,-6.9811,-34.8339,84.87,63,40,14.92
218,Mega,ET,2022-09-20 16:09:30,4.05,38.3,67.6,47,83,6.4
219,Darhan,MN,2022-09-20 16:09:30,49.4867,105.9228,51.84,58,66,13.62
220,Dekar,BW,2022-09-20 16:09:31,-21.5333,21.9333,72.9,13,0,8.81
221,Sao Filipe,CV,2022-09-20 16:09:31,14.8961,-24.4956,79.09,76,44,9.64
222,Kargil,IN,2022-09-20 16:09:32,34.5667,76.1,53.2,55,94,4.18
223,Pak Phanang,TH,2022-09-20 16:09:32,8.3511,100.202,81.88,69,100,5.75
224,Coquimbo,CL,2022-09-20 16:09:33,-29.9533,-71.3436,58.73,58,40,11.5
225,Morondava,MG,2022-09-20 16:10:33,-20.2833,44.2833,76.77,78,0,13.49
226,Kushtagi,IN,2022-09-20 16:10:33,15.7667,76.2,74.05,71,100,14.07
227,Mudu,CN,2022-09-20 16:10:34,31.252,120.5118,64.89,74,76,7.07
228,Aracaju,BR,2022-09-20 16:10:34,-10.9111,-37.0717,82.35,61,20,10.36
229,Chiman,PK,2022-09-20 16:10:34,32.5463,73.8138,82.04,63,23,5.37
230,Evensk,RU,2022-09-20 16:10:35,61.95,159.2333,46.38,93,100,8.28
231,Anadyr,RU,2022-09-20 16:10:35,64.75,177.4833,36.1,86,0,8.95
232,Papara,BR,2022-09-20 16:10:35,-3.9839,-38.7273,86.4,27,76,9.13
233,Constitucion,CL,2022-09-20 16:10:36,-35.3333,-72.4167,53.19,61,8,10.49
234,Chumikan,RU,2022-09-20 16:10:36,54.7183,135.315,37.42,65,1,16.75
235,Kuandian,CN,2022-09-20 16:10:36,40.7286,124.7847,43.45,63,0,3.58
236,Semenivka,UA,2022-09-20 16:10:37,52.1783,32.5818,52.34,72,97,5.48
237,Mandurah,AU,2022-09-20 16:10:37,-32.55,115.7,60.91,72,2,13.33
238,Pangnirtung,CA,2022-09-20 16:10:37,66.1451,-65.7125,36.81,70,23,6.38
239,Marsabit,KE,2022-09-20 16:10:37,2.3284,37.9899,76.01,36,33,16.51
240,Iracoubo,GF,2022-09-20 16:10:38,5.4802,-53.2011,84.69,71,75,10.92
241,Salalah,OM,2022-09-20 16:10:02,17.0151,54.0924,80.69,89,75,10.36
242,Broome,US,2022-09-20 16:10:38,42.2506,-75.833,67.69,82,100,6.91
243,Alofi,NU,2022-09-20 16:10:38,-19.0595,-169.9187,75.88,77,6,25.66
244,Marawi,PH,2022-09-20 16:10:07,7.9986,124.2928,70.16,94,100,1.14
245,Georgetown,MY,2022-09-20 16:10:39,5.4112,100.3354,82.33,89,20,0.0
246,Upernavik,GL,2022-09-20 16:09:47,72.7868,-56.1549,33.1,92,96,3.09
247,Bay Village,US,2022-09-20 16:05:56,41.4848,-81.9221,78.78,61,75,4.61
248,Fairbanks,US,2022-09-20 16:07:44,64.8378,-147.7164,44.56,92,100,9.22
249,Bambous Virieux,MU,2022-09-20 16:10:40,-20.3428,57.7575,71.22,88,75,12.66
250,Grand Gaube,MU,2022-09-20 16:05:56,-20.0064,57.6608,71.38,76,10,10.0
251,Ambon,ID,2022-09-20 16:10:40,-3.6954,128.1814,78.24,15,20,8.05
252,Doka,SD,2022-09-20 16:10:41,13.5167,35.7667,77.0,83,95,5.5
253,Boyolangu,ID,2022-09-20 16:10:41,-8.1181,111.8935,75.02,88,100,5.37
254,Gweta,BW,2022-09-20 16:10:41,-20.1833,25.2333,78.51,12,3,7.92
255,Maneadero,MX,2022-09-20 16:10:42,31.7167,-116.5667,69.1,85,0,1.01
256,Chicama,PE,2022-09-20 16:10:42,-7.8447,-79.1469,59.54,63,50,9.71
257,Lander,US,2022-09-20 16:10:42,42.833,-108.7307,73.99,17,0,2.57
258,Vila Velha,BR,2022-09-20 16:10:43,-20.3297,-40.2925,85.95,59,0,15.01
259,Kanigiri,IN,2022-09-20 16:10:43,15.4,79.5167,83.59,60,100,5.93
260,Ranot,TH,2022-09-20 16:10:43,7.7777,100.3213,82.49,68,100,9.04
261,Bonthe,SL,2022-09-20 16:10:44,7.5264,-12.505,80.74,73,99,10.8
262,Lagos,NG,2022-09-20 16:06:11,6.5833,3.75,81.37,73,50,7.43
263,Flinders,AU,2022-09-20 16:10:44,-34.5833,150.8552,49.24,90,100,6.33
264,Kavaratti,IN,2022-09-20 16:10:44,10.5669,72.642,81.32,77,95,14.0
265,Hofn,IS,2022-09-20 16:10:45,64.2539,-15.2082,52.09,89,54,13.87
266,Xianyang,CN,2022-09-20 16:10:45,34.3378,108.7026,60.31,80,100,2.46
267,Kabansk,RU,2022-09-20 16:10:45,52.0486,106.6528,47.75,84,97,13.82
268,Gigmoto,PH,2022-09-20 16:10:46,13.7796,124.39,77.52,91,100,5.61
269,Orlik,RU,2022-09-20 16:10:46,52.5178,99.825,34.93,84,45,4.68
270,Doctor Arroyo,MX,2022-09-20 16:10:46,23.6667,-100.1833,69.35,57,30,1.9
271,Codrington,AU,2022-09-20 16:10:46,-38.2667,141.9667,56.05,61,100,4.41
272,Odlabari,IN,2022-09-20 16:10:47,26.8333,88.6167,78.12,91,95,3.8
273,Taitung,TW,2022-09-20 16:11:47,22.7583,121.1444,77.22,80,100,11.01
274,Namibe,AO,2022-09-20 16:11:47,-15.1961,12.1522,66.72,75,5,8.41
275,Churapcha,RU,2022-09-20 16:11:48,62.0025,132.4325,25.18,83,1,8.52
276,Palu,ID,2022-09-20 16:11:48,-0.8917,119.8707,75.31,95,100,1.88
277,Asau,RO,2022-09-20 16:11:48,46.4333,26.4,54.52,67,65,5.88
278,Touros,BR,2022-09-20 16:11:49,-5.1989,-35.4608,83.03,60,67,18.28
279,Katsuura,JP,2022-09-20 16:11:49,35.1333,140.3,67.42,89,100,22.01
280,Zhezkazgan,KZ,2022-09-20 16:11:50,47.8043,67.7144,66.38,12,3,10.4
281,Panama City,PA,2022-09-20 16:11:50,8.9936,-79.5197,87.17,75,75,11.5
282,Ust-Kuyga,RU,2022-09-20 16:11:50,70.0167,135.6,29.91,81,100,2.71
283,Port Macquarie,AU,2022-09-20 16:11:51,-31.4333,152.9167,56.89,79,99,7.85
284,Abha,SA,2022-09-20 16:11:51,18.2164,42.5053,64.65,52,40,9.22
285,Dunedin,NZ,2022-09-20 16:11:51,-45.8742,170.5036,49.8,90,84,3.0
286,Saint-Maximin-La-Sainte-Baume,FR,2022-09-20 16:11:52,43.4521,5.8622,78.03,31,4,6.17
287,Kinkala,CG,2022-09-20 16:11:52,-4.3614,14.7644,85.98,48,100,3.56
288,Akdepe,TM,2022-09-20 16:11:52,42.0551,59.3788,74.82,23,0,10.98
289,Egvekinot,RU,2022-09-20 16:11:53,66.3167,-179.1667,32.94,83,43,6.51
290,Iquitos,PE,2022-09-20 16:11:53,-3.7481,-73.2472,91.44,70,20,5.75
291,Usta Muhammad,PK,2022-09-20 16:11:53,28.1794,68.0445,89.2,36,1,5.17
292,Meulaboh,ID,2022-09-20 16:09:31,4.1363,96.1285,77.7,86,90,5.14
293,Laguna,US,2022-09-20 16:11:54,38.421,-121.4238,66.29,91,75,5.75
294,Saint Andrews,US,2022-09-20 16:09:00,34.0454,-81.1293,87.53,53,20,5.75
295,Komsomolskiy,UZ,2022-09-20 16:11:54,40.4272,71.7189,74.12,40,11,9.22
296,Pochutla,MX,2022-09-20 16:11:54,15.7432,-96.4661,78.82,85,100,2.01
297,Iqaluit,CA,2022-09-20 16:11:55,63.7506,-68.5145,38.93,80,100,4.61
298,Talnakh,RU,2022-09-20 16:11:55,69.4865,88.3972,24.21,79,80,3.33
299,Sur,OM,2022-09-20 16:11:55,22.5667,59.5289,82.69,71,0,14.18
300,Upata,VE,2022-09-20 16:11:56,8.0086,-62.3989,87.19,62,100,4.5
301,Riyadh,SA,2022-09-20 16:10:11,24.6877,46.7219,95.14,13,31,15.21
302,Oranjemund,NA,2022-09-20 16:11:56,-28.55,16.4333,60.51,61,0,19.15
303,Burriana,ES,2022-09-20 16:11:56,39.889,-0.085,82.96,71,8,8.39
304,Ostersund,SE,2022-09-20 16:11:57,63.1792,14.6357,47.61,66,75,11.01
305,Taksimo,RU,2022-09-20 16:11:57,56.3444,114.8794,38.53,91,90,3.29
306,Jaitaran,IN,2022-09-20 16:11:57,26.2031,73.9364,84.54,49,52,5.77
307,Pyaozerskiy,RU,2022-09-20 16:11:58,65.8333,31.1667,45.79,73,100,13.6
308,Da Nang,VN,2022-09-20 16:11:58,16.0678,108.2208,85.98,70,20,3.44
309,Petropavlovsk-Kamchatskiy,RU,2022-09-20 16:11:59,53.0452,158.6483,46.99,76,75,11.18
310,Kibala,TD,2022-09-20 16:11:59,9.1104,18.3463,73.29,96,100,3.71
311,Xichang,CN,2022-09-20 16:11:12,27.8964,102.2634,65.95,93,100,1.77
312,Rio Gallegos,AR,2022-09-20 16:11:59,-51.6226,-69.2181,48.25,37,0,20.71
313,Shingu,JP,2022-09-20 16:09:41,33.7333,135.9833,65.66,71,100,4.81
314,Nishihara,JP,2022-09-20 16:12:00,26.1842,127.7558,79.88,74,33,18.41
315,Clinton,US,2022-09-20 16:09:32,42.587,-82.9199,80.94,59,100,8.05
316,Wajid,SO,2022-09-20 16:12:00,3.8093,43.2471,86.56,40,99,18.61
317,Onokhoy,RU,2022-09-20 16:13:01,51.932,108.0747,49.75,86,100,11.3
318,Mitsamiouli,KM,2022-09-20 16:10:45,-11.3847,43.2844,75.85,77,4,8.23
319,Haverfordwest,GB,2022-09-20 16:13:01,51.8017,-4.9691,64.58,76,34,6.49
320,Inhambane,MZ,2022-09-20 16:11:21,-23.865,35.3833,74.26,90,0,16.82
321,Lop Buri,TH,2022-09-20 16:13:01,14.7981,100.654,79.14,93,100,6.58
322,Pacific Grove,US,2022-09-20 16:09:29,36.6177,-121.9166,65.01,90,0,5.01
323,Aswan,EG,2022-09-20 16:13:03,24.0934,32.907,92.88,22,0,10.31
324,Saskylakh,RU,2022-09-20 16:13:04,71.9167,114.0833,26.38,87,98,17.52
325,Gazojak,TM,2022-09-20 16:13:04,41.1875,61.4036,80.49,11,0,7.02
326,Ogbomosho,NG,2022-09-20 16:13:06,8.133,4.25,86.18,84,73,4.85
327,Sao Sebastiao,BR,2022-09-20 16:13:06,-23.76,-45.4097,73.8,72,41,4.88
328,Vila Do Maio,CV,2022-09-20 16:13:06,15.1333,-23.2167,86.79,72,98,12.8
329,Mount Vernon,US,2022-09-20 16:13:07,40.9126,-73.8371,78.48,61,40,12.66
330,Sar-E Pul,AF,2022-09-20 16:13:07,35.8333,66.1667,61.48,34,0,3.27
331,Ossora,RU,2022-09-20 16:13:07,59.2353,163.0719,51.15,98,100,11.5
332,Buraydah,SA,2022-09-20 16:13:08,26.326,43.975,97.9,9,77,10.98
333,Totness,SR,2022-09-20 16:13:08,5.8833,-56.3167,82.99,71,99,3.49
334,Omsukchan,RU,2022-09-20 16:13:09,62.5333,155.8,35.15,100,100,5.1
335,Chuy,UY,2022-09-20 16:13:09,-33.6971,-53.4616,58.73,73,100,12.57
336,Lorengau,PG,2022-09-20 16:13:09,-2.0226,147.2712,79.77,81,100,8.03
337,Ippy,CF,2022-09-20 16:13:10,6.2679,21.2247,74.84,93,90,3.98
338,Sisimiut,GL,2022-09-20 16:13:10,66.9395,-53.6735,39.2,86,99,9.55
339,Puerto Ayacucho,VE,2022-09-20 16:13:10,5.6639,-67.6236,87.98,61,4,1.9
340,Padang,ID,2022-09-20 16:13:11,-0.9492,100.3543,78.01,86,94,3.36
341,Siemiatycze,PL,2022-09-20 16:13:11,52.4272,22.8623,52.34,84,100,7.7
342,Lazaro Cardenas,MX,2022-09-20 16:13:11,17.9583,-102.2,77.99,88,100,5.39
343,Olafsvik,IS,2022-09-20 16:13:12,64.8945,-23.7142,50.9,96,100,14.56
344,Calbuco,CL,2022-09-20 16:09:17,-41.768,-73.1273,52.81,77,31,0.29
345,Ngama,TD,2022-09-20 16:13:12,11.7833,17.1667,82.36,70,100,9.35
346,Gwanda,ZW,2022-09-20 16:13:13,-20.9333,29.0,80.01,21,81,4.47
347,Ailigandi,PA,2022-09-20 16:13:13,9.2333,-78.0167,86.54,62,86,4.47
348,Abnub,EG,2022-09-20 16:13:14,27.2696,31.1511,88.95,17,0,11.18
349,Tamiahua,MX,2022-09-20 16:13:14,21.2667,-97.45,81.25,79,26,7.29
350,Hami,CN,2022-09-20 16:13:14,42.8,93.45,72.09,17,19,6.26
351,Belaya Gora,RU,2022-09-20 16:12:48,68.5333,146.4167,36.41,80,100,14.09
352,Chokurdakh,RU,2022-09-20 16:13:15,70.6333,147.9167,32.5,80,100,13.71
353,Christchurch,NZ,2022-09-20 16:09:57,-43.5333,172.6333,49.91,85,100,11.5
354,Acarau,BR,2022-09-20 16:13:15,-2.8856,-40.12,89.38,50,84,19.15
355,Monticello,US,2022-09-20 16:13:16,45.3055,-93.7941,77.99,80,40,9.22
356,Alice Springs,AU,2022-09-20 16:13:16,-23.7,133.8833,58.55,26,2,2.3
357,Ambunti,PG,2022-09-20 16:13:17,-4.2365,142.8448,72.95,99,100,1.3
358,Okhotsk,RU,2022-09-20 16:13:17,59.3833,143.3,39.33,78,61,8.99
359,Huanren,CN,2022-09-20 16:13:17,41.2647,125.3667,41.23,75,0,1.01
360,Takoradi,GH,2022-09-20 16:13:18,4.8845,-1.7554,78.15,78,95,11.88
361,Adeje,ES,2022-09-20 16:14:18,28.1227,-16.726,77.22,80,40,14.97
362,Pankrushikha,RU,2022-09-20 16:14:19,53.8319,80.3406,56.21,77,36,6.35
363,Tautira,PF,2022-09-20 16:14:19,-17.7333,-149.15,76.59,77,37,17.34
364,Bowen,AU,2022-09-20 16:14:19,-20.0167,148.2333,74.12,82,84,10.83
365,Suez,EG,2022-09-20 16:14:20,29.9737,32.5263,83.82,50,5,15.1
366,Sinnamary,GF,2022-09-20 16:14:20,5.3833,-52.95,84.56,72,63,12.26
367,Lumberton,US,2022-09-20 16:14:20,34.6182,-79.0086,89.46,48,0,0.0
368,Santa Isabel,BR,2022-09-20 16:14:21,-23.3156,-46.2214,81.7,42,88,10.4
369,Samur,RU,2022-09-20 16:14:21,41.8253,48.486,70.84,79,0,2.93
370,Reconquista,AR,2022-09-20 16:11:55,-29.15,-59.65,69.62,64,100,2.42
371,Pyryatyn,UA,2022-09-20 16:14:21,50.2445,32.5107,54.01,79,100,12.68
372,Angola,AO,2022-09-20 16:14:22,-12.5,18.5,80.47,36,86,6.11
373,Qrendi,MT,2022-09-20 16:14:22,35.8347,14.4583,80.26,74,100,6.91
374,Namatanai,PG,2022-09-20 16:14:23,-3.6667,152.4333,78.46,80,97,4.27
375,Ferkessedougou,CI,2022-09-20 16:14:23,9.6,-5.2,72.36,95,100,5.23
376,Adre,TD,2022-09-20 16:14:23,13.4667,22.2,82.06,54,100,3.74
377,Atchison,US,2022-09-20 16:14:24,39.563,-95.1216,92.32,29,0,18.25
378,Mitu,CO,2022-09-20 16:14:24,1.1983,-70.1733,90.27,52,15,3.38
379,San Patricio,US,2022-09-20 16:14:24,28.017,-97.5169,89.49,55,6,7.81
380,Usinsk,RU,2022-09-20 16:14:25,65.9939,57.5281,50.27,82,96,15.79
381,Pemangkat,ID,2022-09-20 16:14:25,1.1667,108.9667,79.32,78,100,4.85
382,Reyes,BO,2022-09-20 16:14:25,-14.3167,-67.3833,96.62,34,9,7.36
383,Ngunguru,NZ,2022-09-20 16:14:26,-35.6167,174.5,56.35,91,100,8.75
384,Salisbury,GB,2022-09-20 16:14:26,51.0693,-1.7957,67.46,50,75,3.44
385,Taoudenni,ML,2022-09-20 16:14:26,22.6783,-3.9836,111.45,7,0,14.0
386,Akhtubinsk,RU,2022-09-20 16:10:41,48.2795,46.1722,70.54,66,84,4.38
387,Hamilton,US,2022-09-20 16:12:13,39.1834,-84.5333,83.64,68,0,4.61
388,San Pedro,PH,2022-09-20 16:14:27,14.35,121.0167,78.35,93,100,2.3
389,Saint George,US,2022-09-20 16:14:27,37.1041,-113.5841,76.78,33,0,3.44
390,Itupiranga,BR,2022-09-20 16:14:28,-5.1347,-49.3267,97.12,28,26,0.56
391,Viedma,AR,2022-09-20 16:10:29,-40.8135,-62.9967,52.75,48,49,23.44
392,Kieta,PG,2022-09-20 16:14:28,-6.2167,155.6333,77.52,84,100,0.69
393,Soltsy,RU,2022-09-20 16:14:28,58.1239,30.3238,50.05,89,100,3.53
394,Baykit,RU,2022-09-20 16:14:29,61.67,96.37,33.98,75,86,14.47
395,Oistins,BB,2022-09-20 16:14:15,13.0667,-59.5333,89.69,66,40,21.85
396,Lompoc,US,2022-09-20 16:14:29,34.6391,-120.4579,68.68,96,20,3.44
397,Magadan,RU,2022-09-20 16:14:29,59.5667,150.8,38.53,94,100,10.98
398,Nago,JP,2022-09-20 16:14:30,26.5881,127.9761,79.23,76,36,15.26
399,Shimoda,JP,2022-09-20 16:14:30,34.6667,138.95,65.1,88,100,16.51
400,Fernie,CA,2022-09-20 16:14:06,49.5,-115.0687,43.48,68,9,4.0
401,Beni,CD,2022-09-20 16:14:31,0.5,29.4667,67.89,83,92,1.88
402,Atambua,ID,2022-09-20 16:14:31,-9.1061,124.8925,73.81,85,58,4.43
403,Saint-Pierre,RE,2022-09-20 16:14:31,-21.3393,55.4781,71.28,78,20,17.27
404,Ponorogo,ID,2022-09-20 16:14:32,-7.8685,111.462,75.42,84,100,4.76
405,Luba,GQ,2022-09-20 16:14:32,3.4568,8.5547,84.09,82,98,4.0
406,Madimba,TZ,2022-09-20 16:15:32,-10.4,40.3333,73.94,79,16,9.82
407,San Cristobal,VE,2022-09-20 16:15:33,7.7669,-72.225,78.98,39,16,4.23
408,Palmer,US,2022-09-20 16:15:33,42.1584,-72.3287,74.55,69,75,3.44
409,Sistranda,NO,2022-09-20 16:15:33,63.7256,8.834,53.56,62,19,3.94
410,Santiago,CL,2022-09-20 16:11:58,-33.4569,-70.6483,54.28,65,100,11.5
411,Sola,VU,2022-09-20 16:15:34,-13.8833,167.55,79.97,78,45,17.58
412,Port Blair,IN,2022-09-20 16:15:34,11.6667,92.75,80.64,78,75,2.3
413,Pregradnoye,RU,2022-09-20 16:15:34,45.8218,41.7469,66.22,59,64,7.74
414,Watsa,CD,2022-09-20 16:14:29,3.0372,29.5355,71.62,83,88,1.99
415,Waipawa,NZ,2022-09-20 16:15:35,-41.4122,175.5153,45.54,92,79,4.43
416,Tilichiki,RU,2022-09-20 16:15:35,60.4667,166.1,42.62,89,100,46.28
417,Durham,US,2022-09-20 16:12:29,36.0335,-78.8664,89.78,60,20,4.61
418,Tezu,IN,2022-09-20 16:15:36,27.9167,96.1667,75.67,98,100,3.47
419,Masuda,JP,2022-09-20 16:15:36,34.6667,131.85,62.08,71,59,12.62
420,Nuqui,CO,2022-09-20 16:15:36,5.7125,-77.2708,81.61,72,100,2.93
421,Rzeszow,PL,2022-09-20 16:15:37,50.0413,21.999,53.62,76,40,3.44
422,Kalmunai,LK,2022-09-20 16:15:37,7.4167,81.8167,82.6,77,42,4.97
423,La Libertad,EC,2022-09-20 16:15:37,-2.2333,-80.9,71.26,88,100,9.22
424,Sorland,NO,2022-09-20 16:15:38,67.667,12.6934,48.06,62,87,10.25
425,Aleppo,SY,2022-09-20 16:15:38,36.25,37.5,81.41,52,15,18.92
426,Dire,ML,2022-09-20 16:15:38,12.2833,-10.9667,81.95,75,100,2.84
427,Zelenoborskiy,RU,2022-09-20 16:15:39,66.845,32.3622,45.07,71,71,15.46
428,Raisinghnagar,IN,2022-09-20 16:15:39,29.5358,73.4492,90.46,29,10,8.43
429,Barabai,ID,2022-09-20 16:15:40,-2.5833,115.3833,71.76,98,98,2.21
430,Choix,MX,2022-09-20 16:15:40,26.7092,-108.3219,82.44,78,94,0.78
431,Zwedru,LR,2022-09-20 16:15:40,6.0667,-8.1281,77.63,91,79,5.37
432,Faya,SA,2022-09-20 16:15:06,18.3851,42.4509,66.31,66,84,9.64
433,Pitea,SE,2022-09-20 16:15:41,65.3172,21.4794,48.29,59,5,5.66
434,Ouango,CF,2022-09-20 16:15:41,4.3133,22.5552,74.26,95,70,1.48
435,Awjilah,LY,2022-09-20 16:15:41,29.1081,21.2869,97.23,16,0,5.99
436,Umm Lajj,SA,2022-09-20 16:15:42,25.0213,37.2685,83.21,65,0,8.86
437,Berlevag,NO,2022-09-20 16:11:59,70.8578,29.0864,42.75,75,75,19.57
438,Ahipara,NZ,2022-09-20 16:15:42,-35.1667,173.1667,55.06,93,66,5.93
439,Balkhash,KZ,2022-09-20 16:15:42,46.844,74.9804,67.96,22,0,21.59
440,Santiago Del Estero,AR,2022-09-20 16:12:12,-27.7951,-64.2615,60.3,54,100,6.6
441,Juegang,CN,2022-09-20 16:15:43,32.3174,121.1855,68.99,63,40,11.59
442,Troitsko-Pechorsk,RU,2022-09-20 16:15:43,62.7084,56.1964,54.28,70,75,13.29
443,Tura,IN,2022-09-20 16:15:44,25.5198,90.2201,75.25,93,96,5.84
444,Mudon,MM,2022-09-20 16:15:44,16.2578,97.7164,75.27,94,100,3.69
445,Kiama,AU,2022-09-20 16:15:44,-34.6833,150.8667,62.01,89,99,7.83
446,Severo-Kurilsk,RU,2022-09-20 16:15:44,50.6789,156.125,48.09,74,43,20.15
447,Broken Hill,AU,2022-09-20 16:15:45,-31.95,141.4333,57.74,79,97,20.31
448,Maragogi,BR,2022-09-20 16:15:45,-9.0122,-35.2225,80.17,61,5,9.13
449,Russell,US,2022-09-20 16:15:45,32.3502,-85.1999,88.88,58,0,6.91
450,Arawa,PG,2022-09-20 16:15:46,-6.2132,155.5367,75.58,91,100,0.67
451,Praia Da Vitoria,PT,2022-09-20 16:15:46,38.7333,-27.0667,78.76,83,40,1.57
452,Richards Bay,ZA,2022-09-20 16:16:46,-28.783,32.0377,63.75,85,100,11.45
453,Ylivieska,FI,2022-09-20 16:16:47,64.0833,24.55,46.31,74,100,7.05
454,Amapa,BR,2022-09-20 16:16:47,1.0,-52.0,97.32,31,4,4.54
455,Olden,NO,2022-09-20 16:16:48,61.8364,6.8064,50.74,54,8,2.42
456,Kirakira,SB,2022-09-20 16:16:48,-10.4544,161.9205,78.19,88,100,14.58
457,Trairi,BR,2022-09-20 16:16:11,-3.2778,-39.2689,87.78,50,99,17.49
458,Khartoum,SD,2022-09-20 16:13:40,15.5518,32.5324,96.55,30,79,8.75
459,Bossangoa,CF,2022-09-20 16:16:48,6.4926,17.4552,74.26,92,100,4.12
460,Kalevala,RU,2022-09-20 16:16:49,65.2,31.1667,46.58,70,100,11.23
461,Nacogdoches,US,2022-09-20 16:16:49,31.6002,-94.6335,89.56,64,0,5.75
462,Lodeynoye Pole,RU,2022-09-20 16:16:49,60.726,33.5531,49.19,89,100,6.35
463,Fushe-Arrez,AL,2022-09-20 16:16:51,42.0622,20.0167,63.9,54,1,6.08
464,Grafton,US,2022-09-20 16:16:51,42.207,-71.6856,67.84,90,100,5.75
465,Mehamn,NO,2022-09-20 16:16:51,71.0357,27.8492,42.71,81,75,14.97
466,Itoman,JP,2022-09-20 16:16:52,26.1247,127.6694,79.18,78,34,19.57
467,Latung,PH,2022-09-20 16:16:52,5.5,120.8833,84.04,68,93,3.02
468,Igarka,RU,2022-09-20 16:16:52,67.4667,86.5833,30.83,71,82,6.44
469,Otavi,NA,2022-09-20 16:16:53,-19.65,17.3333,77.99,11,2,2.46
470,Gladstone,AU,2022-09-20 16:14:27,-23.85,151.25,67.93,77,75,5.75
471,Parabel,RU,2022-09-20 16:16:53,58.6978,81.4825,42.96,91,93,6.2
472,Trincomalee,LK,2022-09-20 16:16:53,8.5711,81.2335,82.22,71,36,11.36
473,Ampanihy,MG,2022-09-20 16:16:54,-24.7,44.75,79.32,39,0,11.97
474,Lata,PT,2022-09-20 16:16:54,40.1629,-8.3327,88.92,47,11,8.72
475,Cockburn Town,TC,2022-09-20 16:16:55,21.4612,-71.1419,79.11,92,100,47.45
476,Okha,RU,2022-09-20 16:16:55,53.5739,142.9478,43.79,77,100,21.9
477,Geraldton,AU,2022-09-20 16:16:55,-28.7667,114.6,59.41,82,100,5.75
478,Narsaq,GL,2022-09-20 16:16:56,60.9167,-46.05,43.02,65,97,3.51
479,Bang Sai,TH,2022-09-20 16:16:56,14.2124,100.4966,84.16,89,100,4.7
480,Gat,IL,2022-09-20 16:11:56,31.61,34.7642,79.48,100,18,10.4
481,Porto Santo,PT,2022-09-20 16:16:56,33.072,-16.3415,77.38,78,40,12.66
482,Marakkanam,IN,2022-09-20 16:16:57,12.2,79.95,83.68,75,100,7.87
483,Mazyr,BY,2022-09-20 16:16:57,52.0495,29.2456,49.93,85,100,4.99
484,Kaseda,JP,2022-09-20 16:16:57,31.4167,130.3167,72.9,73,67,2.77
485,Plainview,US,2022-09-20 16:12:52,40.7765,-73.4673,77.59,61,20,9.22
486,Kollam,IN,2022-09-20 16:16:58,8.8833,76.6,78.35,87,62,8.95
487,Voskresenskoye,RU,2022-09-20 16:16:58,56.8381,45.4317,54.03,70,27,7.99
488,Imbituba,BR,2022-09-20 16:16:58,-28.24,-48.6703,70.86,71,53,8.9
489,Back Mountain,US,2022-09-20 16:16:59,41.3359,-75.9963,70.07,80,4,8.3
490,Coolum Beach,AU,2022-09-20 16:16:59,-26.5333,153.1,63.1,95,32,6.85
491,Beloha,MG,2022-09-20 16:16:59,-25.1667,45.05,75.18,56,0,12.26
492,Moose Factory,CA,2022-09-20 16:17:00,51.2585,-80.6094,60.8,82,100,8.05
493,Yaan,NG,2022-09-20 16:17:00,7.3833,8.5667,78.55,85,98,0.89
494,Estelle,US,2022-09-20 16:17:00,29.8458,-90.1067,88.0,53,20,8.05
495,Kandrian,PG,2022-09-20 16:17:01,-6.2167,149.55,75.07,92,96,4.05
496,Andenes,NO,2022-09-20 16:17:01,69.3143,16.1194,44.92,70,75,9.22
497,Asyut,EG,2022-09-20 16:16:57,27.181,31.1837,88.99,17,0,11.39
498,Tornio,FI,2022-09-20 16:18:01,65.8481,24.1466,46.42,62,14,9.17
499,La Peca,PE,2022-09-20 16:18:02,-5.6111,-78.435,85.37,45,12,3.4
500,Sobolevo,RU,2022-09-20 16:18:02,54.4299,31.8996,49.37,84,21,3.85
501,Jiwani,PK,2022-09-20 16:18:03,25.05,61.7417,80.13,80,7,12.64
502,Veshenskaya,RU,2022-09-20 16:18:03,49.6303,41.7334,61.39,44,11,7.09
503,Caarapo,BR,2022-09-20 16:18:04,-22.6342,-54.8222,69.64,86,100,4.72
504,Rocha,UY,2022-09-20 16:18:04,-34.4833,-54.3333,56.1,73,99,13.06
505,Santa Maria,BR,2022-09-20 16:18:04,-29.6842,-53.8069,70.03,65,95,4.88
506,Chapais,CA,2022-09-20 16:17:50,49.7834,-74.8492,56.98,41,96,7.74
507,Puerto Del Rosario,ES,2022-09-20 16:18:05,28.5004,-13.8627,78.55,73,20,11.5
508,Vanavara,RU,2022-09-20 16:18:05,60.34,102.2797,32.79,87,78,13.87
509,Dubbo,AU,2022-09-20 16:18:06,-32.25,148.6167,55.53,82,100,9.22
510,Sioux Lookout,CA,2022-09-20 16:18:06,50.1001,-91.917,64.47,88,75,8.05
511,Pasighat,IN,2022-09-20 16:18:06,28.0667,95.3333,77.27,93,100,3.15
512,Sorong,ID,2022-09-20 16:18:07,-0.8833,131.25,78.69,84,100,4.47
513,Husavik,IS,2022-09-20 16:18:07,66.0449,-17.3389,53.64,83,41,6.4
514,Morehead,US,2022-09-20 16:18:07,37.2711,-87.1764,90.0,71,0,0.0
515,Progreso,MX,2022-09-20 16:18:08,21.2833,-89.6667,88.11,66,3,5.59
516,Kumluca,TR,2022-09-20 16:18:08,36.3703,30.2869,76.41,80,23,4.54
517,Merauke,ID,2022-09-20 16:18:09,-8.4667,140.3333,78.46,87,100,10.38
518,Naryan-Mar,RU,2022-09-20 16:18:09,67.6713,53.087,49.73,88,100,16.06
519,Den Helder,NL,2022-09-20 16:18:09,52.9599,4.7593,61.02,61,40,7.0
520,Margate,GB,2022-09-20 16:18:10,51.3813,1.3862,65.89,63,100,3.0
521,Jose De Freitas,BR,2022-09-20 16:18:10,-4.7564,-42.5756,94.15,17,99,6.02
522,Rabo De Peixe,PT,2022-09-20 16:18:10,37.8,-25.5833,76.51,69,20,8.05
523,Kharan,PK,2022-09-20 16:17:03,28.5833,65.4167,90.54,13,0,4.16
524,Manzhouli,CN,2022-09-20 16:18:11,49.6,117.4333,48.45,47,95,7.18
525,Atlantic Beach,US,2022-09-20 16:18:11,30.3344,-81.3987,87.1,77,40,13.8
526,Mangrol,IN,2022-09-20 16:18:12,21.1167,70.1167,80.2,78,15,9.06
527,Innisfail,AU,2022-09-20 16:18:12,-17.5333,146.0333,72.54,89,78,3.15
528,Barcelona,ES,2022-09-20 16:18:12,41.3888,2.159,79.92,69,20,5.75
529,Manzil Kamil,TN,2022-09-20 16:18:13,35.6248,10.6673,83.64,48,0,11.5
530,Prince Rupert,CA,2022-09-20 16:15:10,54.3161,-130.3201,53.29,87,0,9.22
531,Zaozerne,UA,2022-09-20 16:18:13,45.1582,33.2787,64.15,68,77,13.47
532,Kuminskiy,RU,2022-09-20 16:18:13,58.6667,66.5667,61.7,73,83,5.32
533,Liverpool,GB,2022-09-20 16:16:33,53.4106,-2.9779,69.1,59,20,3.44
534,Terney,RU,2022-09-20 16:18:14,45.0503,136.6092,43.27,53,0,6.85
535,Minas,UY,2022-09-20 16:18:14,-34.3759,-55.2377,60.06,60,94,11.36
536,Kiunga,PG,2022-09-20 16:18:15,-6.1219,141.2906,72.75,99,100,2.35
537,Rodeo,US,2022-09-20 16:18:15,38.033,-122.2669,67.62,84,40,4.61
538,Elizabeth City,US,2022-09-20 16:18:15,36.2946,-76.2511,88.02,58,0,10.36
539,Redmond,US,2022-09-20 16:18:10,47.674,-122.1215,66.45,68,0,1.99
540,Ucluelet,CA,2022-09-20 16:15:57,48.9329,-125.5528,59.31,58,7,3.65
541,Saint Anthony,US,2022-09-20 16:18:17,45.0205,-93.218,80.15,79,40,9.22
542,Somanda,TZ,2022-09-20 16:18:17,-3.3667,33.95,85.75,23,3,8.08
543,Cabra,ES,2022-09-20 16:18:18,37.4725,-4.4421,87.35,35,35,7.34
544,Pinhao,BR,2022-09-20 16:18:18,-25.6956,-51.6597,73.49,44,20,1.77
545,Shakawe,BW,2022-09-20 16:18:19,-18.3667,21.85,82.58,12,0,7.09
546,Nanao,JP,2022-09-20 16:19:19,37.05,136.9667,62.31,68,99,11.05
547,Humaita,BR,2022-09-20 16:19:19,-7.5061,-63.0208,104.13,24,5,4.41
548,Tibiri,NE,2022-09-20 16:17:15,13.5627,7.0485,90.66,43,27,7.49
549,Bosaso,SO,2022-09-20 16:19:20,11.2842,49.1816,89.1,58,59,3.6
